name,source_platform,record_count,download_count,date_range,columns,freshness_days,has_engagement_metrics,has_sentiment_fields,is_complete
yash612/stockmarket-sentiment-dataset,kaggle,0,14073,unknown..2020-06-05,,2276,False,True,False
sidarcidiacono/news-sentiment-analysis-for-stock-data-by-company,kaggle,0,1189,unknown..2021-03-17,,1991,False,True,False
kemical/kickstarter-projects,kaggle,0,99893,unknown..2018-02-08,,3125,False,False,False
aaron7sun/stocknews,kaggle,0,64527,unknown..2019-11-13,,2481,False,False,False
gpreda/reddit-wallstreetsbets-posts,kaggle,0,18603,unknown..2021-08-16,,1840,False,False,False
davidwallach/financial-tweets,kaggle,0,14356,unknown..2018-08-09,,2942,False,False,False
pratyushpuri/multilingual-mobile-app-reviews-dataset-2025,kaggle,0,7689,unknown..2025-07-31,,395,False,False,False
arathee2/demonetization-in-india-twitter-data,kaggle,0,7334,unknown..2017-04-21,,3417,False,False,False
hananxx/gamestop-historical-stock-prices,kaggle,0,4077,unknown..2021-02-02,,2034,False,False,False
leukipp/reddit-finance-data,kaggle,0,3909,unknown..2022-01-01,,1701,False,False,False
