dataset,path,date_col,text_col,engagement_cols,sentiment_col,record_count,column_count,high_risk_columns,duplicate_rows,date_start,date_end,total_days,gap_count,sentiment_agreement_rate,sentiment_agreement_note,viable_surge_count,surge_fields_ready,risks,recommendation,justification,engagement_percentile,sentiment_std_devs,surge_count,total_posts,surge_percentage,is_viable,generated_at,min_positive_class_pct,full_load_rows
leukipp_wallstreetbets/submissions_reddit,leukipp_wallstreetbets\submissions_reddit.csv,created,title,score|num_comments,_sentiment,100000,26,,0,2021-01-01,2021-01-28,27,0,0.661,moderate,3,True,,suitable,"3/9 surge definitions viable; best positive class 5.0% at p=0.9, std=0.5.",0.9,0.5,4997,100000,5.0,True,2026-08-30T14:29:22.537882+00:00,2.0,100000
leukipp_wallstreetbets/submissions_reddit,leukipp_wallstreetbets\submissions_reddit.csv,created,title,score|num_comments,_sentiment,100000,26,,0,2021-01-01,2021-01-28,27,0,0.661,moderate,3,True,,suitable,"3/9 surge definitions viable; best positive class 5.0% at p=0.9, std=0.5.",0.9,1.0,3566,100000,3.57,True,2026-08-30T14:29:22.537882+00:00,2.0,100000
leukipp_wallstreetbets/submissions_reddit,leukipp_wallstreetbets\submissions_reddit.csv,created,title,score|num_comments,_sentiment,100000,26,,0,2021-01-01,2021-01-28,27,0,0.661,moderate,3,True,,suitable,"3/9 surge definitions viable; best positive class 5.0% at p=0.9, std=0.5.",0.9,1.5,1970,100000,1.97,False,2026-08-30T14:29:22.537882+00:00,2.0,100000
leukipp_wallstreetbets/submissions_reddit,leukipp_wallstreetbets\submissions_reddit.csv,created,title,score|num_comments,_sentiment,100000,26,,0,2021-01-01,2021-01-28,27,0,0.661,moderate,3,True,,suitable,"3/9 surge definitions viable; best positive class 5.0% at p=0.9, std=0.5.",0.95,0.5,2618,100000,2.62,True,2026-08-30T14:29:22.537882+00:00,2.0,100000
leukipp_wallstreetbets/submissions_reddit,leukipp_wallstreetbets\submissions_reddit.csv,created,title,score|num_comments,_sentiment,100000,26,,0,2021-01-01,2021-01-28,27,0,0.661,moderate,3,True,,suitable,"3/9 surge definitions viable; best positive class 5.0% at p=0.9, std=0.5.",0.95,1.0,1796,100000,1.8,False,2026-08-30T14:29:22.537882+00:00,2.0,100000
leukipp_wallstreetbets/submissions_reddit,leukipp_wallstreetbets\submissions_reddit.csv,created,title,score|num_comments,_sentiment,100000,26,,0,2021-01-01,2021-01-28,27,0,0.661,moderate,3,True,,suitable,"3/9 surge definitions viable; best positive class 5.0% at p=0.9, std=0.5.",0.95,1.5,982,100000,0.98,False,2026-08-30T14:29:22.537882+00:00,2.0,100000
leukipp_wallstreetbets/submissions_reddit,leukipp_wallstreetbets\submissions_reddit.csv,created,title,score|num_comments,_sentiment,100000,26,,0,2021-01-01,2021-01-28,27,0,0.661,moderate,3,True,,suitable,"3/9 surge definitions viable; best positive class 5.0% at p=0.9, std=0.5.",0.99,0.5,692,100000,0.69,False,2026-08-30T14:29:22.537882+00:00,2.0,100000
leukipp_wallstreetbets/submissions_reddit,leukipp_wallstreetbets\submissions_reddit.csv,created,title,score|num_comments,_sentiment,100000,26,,0,2021-01-01,2021-01-28,27,0,0.661,moderate,3,True,,suitable,"3/9 surge definitions viable; best positive class 5.0% at p=0.9, std=0.5.",0.99,1.0,391,100000,0.39,False,2026-08-30T14:29:22.537882+00:00,2.0,100000
leukipp_wallstreetbets/submissions_reddit,leukipp_wallstreetbets\submissions_reddit.csv,created,title,score|num_comments,_sentiment,100000,26,,0,2021-01-01,2021-01-28,27,0,0.661,moderate,3,True,,suitable,"3/9 surge definitions viable; best positive class 5.0% at p=0.9, std=0.5.",0.99,1.5,191,100000,0.19,False,2026-08-30T14:29:22.537882+00:00,2.0,100000
leukipp_pennystocks/submissions_reddit,leukipp_pennystocks\submissions_reddit.csv,created,title,score|num_comments,_sentiment,54785,26,,0,2021-01-01,2021-12-31,364,0,0.723,good,4,True,,suitable,"4/9 surge definitions viable; best positive class 5.8% at p=0.9, std=0.5.",0.9,0.5,3177,54785,5.8,True,2026-08-30T14:29:22.537882+00:00,2.0,100000
leukipp_pennystocks/submissions_reddit,leukipp_pennystocks\submissions_reddit.csv,created,title,score|num_comments,_sentiment,54785,26,,0,2021-01-01,2021-12-31,364,0,0.723,good,4,True,,suitable,"4/9 surge definitions viable; best positive class 5.8% at p=0.9, std=0.5.",0.9,1.0,1846,54785,3.37,True,2026-08-30T14:29:22.537882+00:00,2.0,100000
leukipp_pennystocks/submissions_reddit,leukipp_pennystocks\submissions_reddit.csv,created,title,score|num_comments,_sentiment,54785,26,,0,2021-01-01,2021-12-31,364,0,0.723,good,4,True,,suitable,"4/9 surge definitions viable; best positive class 5.8% at p=0.9, std=0.5.",0.9,1.5,962,54785,1.76,False,2026-08-30T14:29:22.537882+00:00,2.0,100000
leukipp_pennystocks/submissions_reddit,leukipp_pennystocks\submissions_reddit.csv,created,title,score|num_comments,_sentiment,54785,26,,0,2021-01-01,2021-12-31,364,0,0.723,good,4,True,,suitable,"4/9 surge definitions viable; best positive class 5.8% at p=0.9, std=0.5.",0.95,0.5,2056,54785,3.75,True,2026-08-30T14:29:22.537882+00:00,2.0,100000
leukipp_pennystocks/submissions_reddit,leukipp_pennystocks\submissions_reddit.csv,created,title,score|num_comments,_sentiment,54785,26,,0,2021-01-01,2021-12-31,364,0,0.723,good,4,True,,suitable,"4/9 surge definitions viable; best positive class 5.8% at p=0.9, std=0.5.",0.95,1.0,1065,54785,1.94,False,2026-08-30T14:29:22.537882+00:00,2.0,100000
leukipp_pennystocks/submissions_reddit,leukipp_pennystocks\submissions_reddit.csv,created,title,score|num_comments,_sentiment,54785,26,,0,2021-01-01,2021-12-31,364,0,0.723,good,4,True,,suitable,"4/9 surge definitions viable; best positive class 5.8% at p=0.9, std=0.5.",0.95,1.5,519,54785,0.95,False,2026-08-30T14:29:22.537882+00:00,2.0,100000
leukipp_pennystocks/submissions_reddit,leukipp_pennystocks\submissions_reddit.csv,created,title,score|num_comments,_sentiment,54785,26,,0,2021-01-01,2021-12-31,364,0,0.723,good,4,True,,suitable,"4/9 surge definitions viable; best positive class 5.8% at p=0.9, std=0.5.",0.99,0.5,1235,54785,2.25,True,2026-08-30T14:29:22.537882+00:00,2.0,100000
leukipp_pennystocks/submissions_reddit,leukipp_pennystocks\submissions_reddit.csv,created,title,score|num_comments,_sentiment,54785,26,,0,2021-01-01,2021-12-31,364,0,0.723,good,4,True,,suitable,"4/9 surge definitions viable; best positive class 5.8% at p=0.9, std=0.5.",0.99,1.0,483,54785,0.88,False,2026-08-30T14:29:22.537882+00:00,2.0,100000
leukipp_pennystocks/submissions_reddit,leukipp_pennystocks\submissions_reddit.csv,created,title,score|num_comments,_sentiment,54785,26,,0,2021-01-01,2021-12-31,364,0,0.723,good,4,True,,suitable,"4/9 surge definitions viable; best positive class 5.8% at p=0.9, std=0.5.",0.99,1.5,191,54785,0.35,False,2026-08-30T14:29:22.537882+00:00,2.0,100000
